date,159915.SZ,510300.SS,510500.SS,511010.SS,518880.SS
2023-08-14,2.113,3.643,5.632,128.598,4.421
2023-08-15,2.096,3.639,5.599,128.871,4.431
2023-08-16,2.082,3.609,5.556,128.942,4.433
2023-08-17,2.094,3.622,5.592,128.9,4.429
2023-08-18,2.065,3.572,5.499,128.967,4.421
2023-08-21,2.035,3.52,5.422,129.088,4.438
2023-08-22,2.038,3.543,5.449,129.014,4.431
2023-08-23,1.987,3.488,5.349,129.001,4.452
2023-08-24,2.014,3.511,5.365,128.97,4.464
2023-08-25,1.991,3.504,5.297,128.907,4.448
2023-08-28,2.01,3.557,5.36,128.742,4.45
2023-08-29,2.067,3.579,5.485,128.58,4.462
2023-08-30,2.066,3.578,5.486,128.833,4.477
2023-08-31,2.052,3.559,5.457,128.859,4.494
2023-09-01,2.049,3.582,5.463,128.718,4.489
2023-09-04,2.067,3.64,5.547,128.398,4.506
2023-09-05,2.057,3.613,5.504,128.493,4.508
2023-09-06,2.049,3.603,5.502,128.393,4.505
2023-09-07,2.003,3.55,5.42,128.232,4.504
2023-09-08,1.998,3.529,5.418,128.337,4.536
2023-09-11,2.011,3.557,5.485,128.337,4.545
2023-09-12,1.998,3.552,5.487,128.36,4.546
2023-09-13,1.974,3.527,5.428,128.494,4.557
2023-09-14,1.96,3.524,5.423,128.561,4.592
2023-09-15,1.954,3.507,5.424,128.495,4.548
2023-09-18,1.968,3.52,5.436,128.353,4.524
2023-09-19,1.952,3.515,5.411,128.338,4.559
2023-09-20,1.936,3.497,5.37,128.286,4.594
2023-09-21,1.917,3.462,5.324,128.383,4.58
2023-09-22,1.964,3.537,5.422,128.288,4.561
2023-09-25,1.953,3.509,5.389,128.261,4.581
2023-09-26,1.938,3.488,5.37,128.112,4.578
2023-09-27,1.956,3.498,5.395,127.814,4.511
2023-09-28,1.953,3.484,5.403,128.392,4.436
2023-10-09,1.947,3.474,5.371,128.503,4.405
2023-10-10,1.938,3.447,5.343,128.409,4.348
2023-10-11,1.954,3.455,5.338,128.169,4.355
2023-10-12,1.968,3.491,5.381,128.15,4.39
2023-10-13,1.945,3.456,5.351,128.259,4.405
2023-10-16,1.906,3.413,5.294,128.273,4.46
2023-10-17,1.912,3.425,5.305,128.208,4.48
2023-10-18,1.887,3.397,5.237,128.183,4.523
2023-10-19,1.867,3.32,5.172,127.948,4.547
2023-10-20,1.85,3.302,5.134,128.05,4.597
2023-10-23,1.815,3.264,4.987,128.172,4.572
2023-10-24,1.832,3.269,5.051,128.11,4.575
2023-10-25,1.815,3.289,5.078,128.264,4.557
2023-10-26,1.829,3.302,5.102,128.42,4.59
2023-10-27,1.881,3.356,5.206,128.36,4.599
2023-10-30,1.926,3.372,5.251,128.536,4.609
2023-10-31,1.916,3.364,5.238,128.576,4.62
2023-11-01,1.908,3.362,5.226,128.603,4.603
2023-11-02,1.89,3.345,5.175,128.701,4.613
2023-11-03,1.918,3.373,5.216,128.692,4.61
2023-11-06,1.981,3.421,5.311,128.655,4.587
2023-11-07,1.967,3.41,5.32,128.69,4.569
2023-11-08,1.971,3.399,5.316,128.703,4.551
2023-11-09,1.967,3.402,5.304,128.71,4.521
2023-11-10,1.955,3.375,5.284,128.715,4.554
2023-11-13,1.958,3.37,5.315,128.873,4.538
2023-11-14,1.953,3.37,5.339,128.862,4.558
2023-11-15,1.963,3.395,5.376,128.859,4.577
2023-11-16,1.925,3.359,5.318,128.935,4.559
2023-11-17,1.934,3.354,5.337,128.947,4.572
2023-11-20,1.942,3.365,5.369,128.877,4.522
2023-11-21,1.931,3.37,5.352,128.816,4.516
2023-11-22,1.899,3.331,5.279,128.665,4.499
2023-11-23,1.911,3.35,5.33,128.5,4.495
2023-11-24,1.888,3.325,5.284,128.596,4.499
2023-11-27,1.878,3.301,5.27,128.577,4.546
2023-11-28,1.89,3.305,5.296,128.565,4.56
2023-11-29,1.867,3.278,5.267,128.517,4.591
2023-11-30,1.874,3.282,5.248,128.611,4.589
2023-12-01,1.881,3.268,5.275,128.71,4.589
2023-12-04,1.858,3.244,5.263,128.615,4.643
2023-12-05,1.823,3.178,5.176,128.601,4.58
2023-12-06,1.834,3.183,5.188,128.583,4.578
2023-12-07,1.829,3.174,5.193,128.654,4.584
2023-12-08,1.843,3.181,5.205,128.72,4.591
2023-12-11,1.868,3.205,5.267,128.905,4.557
2023-12-12,1.856,3.213,5.277,128.893,4.539
2023-12-13,1.822,3.155,5.218,129.075,4.529
2023-12-14,1.812,3.139,5.199,128.951,4.598
2023-12-15,1.802,3.132,5.155,129.068,4.59
2023-12-18,1.773,3.118,5.094,129.175,4.576
2023-12-19,1.781,3.12,5.085,129.162,4.589
2023-12-20,1.755,3.089,5.023,129.071,4.604
2023-12-21,1.787,3.12,5.037,129.12,4.605
2023-12-22,1.78,3.126,5.021,129.297,4.627
2023-12-25,1.783,3.135,5.014,129.405,4.634
2023-12-26,1.761,3.115,4.967,129.507,4.647
2023-12-27,1.763,3.125,4.983,129.636,4.66
2023-12-28,1.833,3.209,5.086,129.755,4.662
2023-12-29,1.842,3.219,5.13,129.873,4.648
2024-01-02,1.806,3.173,5.108,129.762,4.666
2024-01-03,1.787,3.163,5.101,129.727,4.663
2024-01-04,1.754,3.133,5.057,129.83,4.651
2024-01-05,1.728,3.116,4.987,129.967,4.664
2024-01-08,1.699,3.069,4.861,129.933,4.65
2024-01-09,1.706,3.077,4.873,129.954,4.649
2024-01-10,1.698,3.061,4.86,129.937,4.631
2024-01-11,1.732,3.08,4.923,129.97,4.631
2024-01-12,1.714,3.069,4.903,129.927,4.646
2024-01-15,1.698,3.065,4.89,129.883,4.673
2024-01-16,1.708,3.087,4.885,129.792,4.677
2024-01-17,1.656,3.012,4.752,129.889,4.631
2024-01-18,1.683,3.057,4.757,129.86,4.616
2024-01-19,1.669,3.064,4.717,130.085,4.643
2024-01-22,1.623,2.995,4.481,130.147,4.625
2024-01-23,1.642,3.017,4.559,130.069,4.632
2024-01-24,1.65,3.068,4.629,130.022,4.626
2024-01-25,1.675,3.124,4.777,130.192,4.605
2024-01-26,1.637,3.118,4.72,130.285,4.625
2024-01-29,1.58,3.088,4.624,130.331,4.634
2024-01-30,1.544,3.032,4.522,130.677,4.647
2024-01-31,1.533,3.011,4.394,130.71,4.653
2024-02-01,1.548,3.007,4.376,130.588,4.668
2024-02-02,1.508,2.977,4.248,130.576,4.679
2024-02-05,1.527,2.997,4.146,130.734,4.643
2024-02-06,1.623,3.1,4.524,130.533,4.633
2024-02-07,1.66,3.129,4.836,130.471,4.642
2024-02-08,1.681,3.151,4.86,130.71,4.662
2024-02-19,1.697,3.178,4.826,130.67,4.644
2024-02-20,1.696,3.19,4.826,130.712,4.642
2024-02-21,1.703,3.238,4.823,130.795,4.642
2024-02-22,1.71,3.264,4.868,130.853,4.639
2024-02-23,1.709,3.267,4.892,131.019,4.63
2024-02-26,1.704,3.232,4.882,131.031,4.651
2024-02-27,1.746,3.273,5.009,131.069,4.646
2024-02-28,1.701,3.237,4.87,131.08,4.645
2024-02-29,1.761,3.292,5.042,131.131,4.647
2024-03-01,1.775,3.319,5.078,131.05,4.667
2024-03-04,1.783,3.316,5.076,131.055,4.725
2024-03-05,1.78,3.345,5.049,131.06,4.789
2024-03-06,1.782,3.331,5.044,131.24,4.824
2024-03-07,1.742,3.312,4.974,131.356,4.885
2024-03-08,1.756,3.322,5.045,131.303,4.881
2024-03-11,1.84,3.37,5.147,131.218,4.899
2024-03-12,1.851,3.375,5.116,131.091,4.879
2024-03-13,1.841,3.354,5.108,131.054,4.87
2024-03-14,1.832,3.341,5.085,130.981,4.877
2024-03-15,1.833,3.35,5.16,131.064,4.899
2024-03-18,1.875,3.381,5.231,131.187,4.86
2024-03-19,1.853,3.358,5.172,131.293,4.87
2024-03-20,1.856,3.361,5.186,131.269,4.88
2024-03-21,1.846,3.359,5.159,131.293,4.978
2024-03-22,1.817,3.328,5.076,131.326,4.946
2024-03-25,1.781,3.309,4.995,131.262,4.956
2024-03-26,1.792,3.32,4.971,131.247,4.966
2024-03-27,1.742,3.282,4.847,131.301,4.99
2024-03-28,1.758,3.299,4.914,131.285,5.029
2024-03-29,1.768,3.315,4.982,131.433,5.126
2024-04-01,1.822,3.373,5.095,131.388,5.155
2024-04-02,1.808,3.361,5.073,131.436,5.159
2024-04-03,1.79,3.347,5.07,131.573,5.231
2024-04-08,1.758,3.318,4.99,131.74,5.354
2024-04-09,1.777,3.312,5.035,131.865,5.369
2024-04-10,1.739,3.286,4.972,131.879,5.388
2024-04-11,1.731,3.283,4.997,131.904,5.348
2024-04-12,1.713,3.255,4.968,132.079,5.504
2024-04-15,1.746,3.328,5.039,132.06,5.417
2024-04-16,1.713,3.296,4.891,131.987,5.452
2024-04-17,1.747,3.342,5.032,132.022,5.461
2024-04-18,1.738,3.348,5.042,132.128,5.445
2024-04-19,1.705,3.32,5.005,132.216,5.471
2024-04-22,1.703,3.313,4.96,132.297,5.364
2024-04-23,1.705,3.288,4.898,132.487,5.232
2024-04-24,1.719,3.302,4.96,132.128,5.287
2024-04-25,1.716,3.312,4.952,132.223,5.288
2024-04-26,1.774,3.362,5.072,131.999,5.329
2024-04-29,1.837,3.405,5.178,131.439,5.294
2024-04-30,1.816,3.387,5.14,131.822,5.286
2024-05-06,1.853,3.437,5.225,132.035,5.254
2024-05-07,1.85,3.439,5.224,132.201,5.268
2024-05-08,1.821,3.41,5.153,132.225,5.261
2024-05-09,1.856,3.445,5.254,132.106,5.25
2024-05-10,1.84,3.447,5.234,132.082,5.369
2024-05-13,1.817,3.444,5.205,132.226,5.337
2024-05-14,1.813,3.438,5.199,132.301,5.329
2024-05-15,1.797,3.412,5.15,132.3,5.37
2024-05-16,1.801,3.424,5.124,132.236,5.417
2024-05-17,1.824,3.465,5.202,132.137,5.416
2024-05-20,1.831,3.473,5.222,132.299,5.55
2024-05-21,1.818,3.461,5.182,132.229,5.481
2024-05-22,1.839,3.469,5.176,132.287,5.492
2024-05-23,1.811,3.432,5.081,132.381,5.366
2024-05-24,1.781,3.391,5.029,132.384,5.319
2024-05-27,1.792,3.421,5.081,132.35,5.338
2024-05-28,1.769,3.398,5.034,132.426,5.334
2024-05-29,1.772,3.399,5.045,132.498,5.37
2024-05-30,1.777,3.385,5.034,132.551,5.317
2024-05-31,1.772,3.371,5.033,132.528,5.343
2024-06-03,1.782,3.376,4.992,132.67,5.296
2024-06-04,1.806,3.401,5.063,132.702,5.346
2024-06-05,1.796,3.388,5.005,132.741,5.324
2024-06-06,1.785,3.388,4.967,132.715,5.398
2024-06-07,1.748,3.365,4.942,132.764,5.399
2024-06-11,1.752,3.34,4.954,132.764,5.237
2024-06-12,1.743,3.336,4.969,132.746,5.267
2024-06-13,1.742,3.323,4.942,132.759,5.269
2024-06-14,1.756,3.343,4.967,132.78,5.271
2024-06-17,1.768,3.333,4.949,132.837,5.279
2024-06-18,1.776,3.344,4.976,132.874,5.284
2024-06-19,1.753,3.334,4.922,132.901,5.305
2024-06-20,1.728,3.311,4.844,133.016,5.351
2024-06-21,1.723,3.305,4.853,132.947,5.376
2024-06-24,1.696,3.288,4.745,133.03,5.29
2024-06-25,1.666,3.267,4.701,133.072,5.302
2024-06-26,1.699,3.288,4.77,133.172,5.271
2024-06-27,1.67,3.269,4.686,133.313,5.242
2024-06-28,1.652,3.276,4.694,133.409,5.297
2024-07-01,1.65,3.29,4.753,133.182,5.299
2024-07-02,1.633,3.285,4.707,133.305,5.306
2024-07-03,1.629,3.279,4.664,133.517,5.34
2024-07-04,1.616,3.264,4.593,133.444,5.365
2024-07-05,1.623,3.247,4.628,133.338,5.381
2024-07-08,1.596,3.223,4.546,133.071,5.384
2024-07-09,1.62,3.26,4.634,133.239,5.362
2024-07-10,1.618,3.252,4.606,133.325,5.397
2024-07-11,1.654,3.298,4.705,133.318,5.417
2024-07-12,1.653,3.308,4.683,133.426,5.446
2024-07-15,1.64,3.315,4.647,133.478,5.442
2024-07-16,1.664,3.34,4.664,133.477,5.505
2024-07-17,1.663,3.345,4.629,133.509,5.576
2024-07-18,1.686,3.366,4.652,133.468,5.573
2024-07-19,1.692,3.389,4.644,133.56,5.425
2024-07-22,1.693,3.36,4.632,133.851,5.421
2024-07-23,1.64,3.29,4.492,133.996,5.394
2024-07-24,1.619,3.268,4.435,133.998,5.465
2024-07-25,1.614,3.248,4.429,134.018,5.327
2024-07-26,1.627,3.263,4.504,134.077,5.35
2024-07-29,1.604,3.243,4.474,134.054,5.387
2024-07-30,1.601,3.22,4.47,134.074,5.394
2024-07-31,1.658,3.297,4.673,134.171,5.436
2024-08-01,1.636,3.272,4.628,134.397,5.48
2024-08-02,1.609,3.236,4.562,134.598,5.505
2024-08-05,1.576,3.197,4.468,134.649,5.366
2024-08-06,1.597,3.197,4.519,134.45,5.327
2024-08-07,1.589,3.19,4.521,134.641,5.352
2024-08-08,1.582,3.194,4.531,134.521,5.349
2024-08-09,1.566,3.182,4.49,134.336,5.396
2024-08-12,1.563,3.178,4.492,133.714,5.437
2024-08-13,1.578,3.183,4.502,134.119,5.474
2024-08-14,1.555,3.159,4.435,134.246,5.456
2024-08-15,1.565,3.197,4.472,134.11,5.443
2024-08-16,1.561,3.199,4.444,134.087,5.453
2024-08-19,1.559,3.208,4.452,134.146,5.513
2024-08-20,1.539,3.192,4.37,134.124,5.513
2024-08-21,1.529,3.177,4.361,133.977,5.537
2024-08-22,1.516,3.168,4.305,134.253,5.523
2024-08-23,1.517,3.182,4.306,134.454,5.504
2024-08-26,1.515,3.183,4.311,134.456,5.538
2024-08-27,1.5,3.166,4.265,134.366,5.534
2024-08-28,1.501,3.146,4.266,134.411,5.528
2024-08-29,1.513,3.136,4.33,134.337,5.535
2024-08-30,1.552,3.181,4.41,134.295,5.522
2024-09-02,1.507,3.121,4.315,134.616,5.491
2024-09-03,1.525,3.133,4.364,134.799,5.501
2024-09-04,1.525,3.112,4.352,134.847,5.463
2024-09-05,1.536,3.119,4.373,134.933,5.502
2024-09-06,1.508,3.091,4.309,134.978,5.517
2024-09-09,1.513,3.05,4.276,135.051,5.477
2024-09-10,1.512,3.05,4.274,135.169,5.513
2024-09-11,1.528,3.043,4.286,135.376,5.542
2024-09-12,1.525,3.032,4.268,135.161,5.531
2024-09-13,1.509,3.017,4.22,135.355,5.611
2024-09-18,1.504,3.027,4.235,135.389,5.609
2024-09-19,1.519,3.054,4.298,135.205,5.6
2024-09-20,1.508,3.063,4.266,135.304,5.663
2024-09-23,1.501,3.072,4.265,135.334,5.711
2024-09-24,1.587,3.216,4.477,135.182,5.697
2024-09-25,1.61,3.263,4.511,135.507,5.74
2024-09-26,1.686,3.429,4.759,135.4,5.751
2024-09-27,1.86,3.658,5.191,134.82,5.708
2024-09-30,2.232,4.022,5.693,134.354,5.707
2024-10-08,2.678,4.201,5.944,134.3,5.714
2024-10-09,2.242,3.811,5.561,134.58,5.64
2024-10-10,2.174,3.875,5.487,134.908,5.676
2024-10-11,2.06,3.766,5.254,134.98,5.739
2024-10-14,2.116,3.829,5.391,134.958,5.799
2024-10-15,2.045,3.72,5.249,134.994,5.799
2024-10-16,2.0,3.695,5.244,135.013,5.884
2024-10-17,1.995,3.652,5.2,135.201,5.905
2024-10-18,2.156,3.805,5.435,135.047,5.945
2024-10-21,2.167,3.805,5.491,135.029,6.02
2024-10-22,2.175,3.829,5.544,134.835,6.018
2024-10-23,2.162,3.844,5.567,134.696,6.056
2024-10-24,2.132,3.8,5.516,134.75,5.995
2024-10-25,2.196,3.829,5.605,134.738,5.998
2024-10-28,2.188,3.835,5.673,134.765,6.017
2024-10-29,2.135,3.802,5.614,134.902,6.068
2024-10-30,2.111,3.76,5.632,134.945,6.14
2024-10-31,2.122,3.76,5.698,134.934,6.103
2024-11-01,2.084,3.768,5.644,135.141,6.051
2024-11-04,2.145,3.821,5.731,135.2,6.006
2024-11-05,2.249,3.926,5.914,135.188,6.006
2024-11-06,2.223,3.9,5.921,135.239,5.994
2024-11-07,2.306,4.037,6.041,135.359,5.86
2024-11-08,2.282,3.983,6.024,135.412,5.898
2024-11-11,2.349,4.004,6.13,135.45,5.905
2024-11-12,2.345,3.958,6.07,135.641,5.807
2024-11-13,2.372,3.984,6.051,135.64,5.796
2024-11-14,2.288,3.913,5.879,135.647,5.68
2024-11-15,2.204,3.844,5.719,135.745,5.683
2024-11-18,2.149,3.827,5.629,135.67,5.758
2024-11-19,2.215,3.847,5.722,135.639,5.858
2024-11-20,2.223,3.857,5.783,135.734,5.857
2024-11-21,2.223,3.862,5.778,135.821,5.933
2024-11-22,2.136,3.742,5.538,135.847,6.01
2024-11-25,2.132,3.72,5.523,135.96,5.916
2024-11-26,2.109,3.712,5.483,135.933,5.844
2024-11-27,2.165,3.776,5.594,135.874,5.899
2024-11-28,2.128,3.747,5.556,135.972,5.869
2024-11-29,2.179,3.79,5.642,136.049,5.923
2024-12-02,2.211,3.82,5.734,136.354,5.872
2024-12-03,2.198,3.824,5.724,136.327,5.931
2024-12-04,2.17,3.803,5.679,136.448,5.929
2024-12-05,2.177,3.796,5.696,136.478,5.927
2024-12-06,2.224,3.846,5.774,136.435,5.903
2024-12-09,2.206,3.843,5.741,136.447,5.936
2024-12-10,2.221,3.874,5.793,136.883,5.961
2024-12-11,2.218,3.864,5.839,136.892,6.011
2024-12-12,2.248,3.906,5.895,137.073,6.052
2024-12-13,2.193,3.809,5.797,137.565,6.001
2024-12-16,2.158,3.785,5.703,137.673,5.947
2024-12-17,2.159,3.796,5.639,137.473,5.94
2024-12-18,2.158,3.813,5.677,137.465,5.932
2024-12-19,2.171,3.819,5.695,137.51,5.885
2024-12-20,2.169,3.807,5.707,137.947,5.892
2024-12-23,2.147,3.811,5.613,137.871,5.951
2024-12-24,2.17,3.858,5.68,137.763,5.921
2024-12-25,2.156,3.861,5.63,137.505,5.936
2024-12-26,2.166,3.862,5.675,137.507,5.94
2024-12-27,2.163,3.856,5.689,137.798,5.945
2024-12-30,2.165,3.875,5.687,137.513,5.923
2024-12-31,2.102,3.811,5.509,137.726,5.928
2025-01-02,2.019,3.698,5.335,137.921,5.977
2025-01-03,1.978,3.658,5.221,138.297,6.029
2025-01-06,1.976,3.642,5.208,138.299,5.99
2025-01-07,1.99,3.669,5.266,138.068,6.0
2025-01-08,1.968,3.663,5.243,138.113,6.03
2025-01-09,1.971,3.655,5.239,137.808,6.065
2025-01-10,1.938,3.612,5.157,137.719,6.105
2025-01-13,1.942,3.597,5.166,137.549,6.12
2025-01-14,2.036,3.695,5.353,137.621,6.068
2025-01-15,1.999,3.672,5.308,137.777,6.102
2025-01-16,2.01,3.674,5.326,137.753,6.122
2025-01-17,2.026,3.687,5.37,137.688,6.139
2025-01-20,2.062,3.706,5.397,137.699,6.127
2025-01-21,2.07,3.711,5.417,137.729,6.127
2025-01-22,2.059,3.675,5.396,137.82,6.181
2025-01-23,2.052,3.686,5.373,137.656,6.187
2025-01-24,2.084,3.718,5.441,137.514,6.218
2025-01-27,2.028,3.696,5.374,138.006,6.202
2025-02-05,2.024,3.676,5.397,137.969,6.439
2025-02-06,2.08,3.721,5.529,138.104,6.402
2025-02-07,2.131,3.777,5.62,138.021,6.42
2025-02-10,2.142,3.781,5.671,137.791,6.518
2025-02-11,2.113,3.765,5.648,137.758,6.584
2025-02-12,2.15,3.803,5.725,137.76,6.538
2025-02-13,2.135,3.793,5.696,137.737,6.57
2025-02-14,2.174,3.823,5.742,137.436,6.605
2025-02-17,2.182,3.83,5.733,137.342,6.494
2025-02-18,2.14,3.801,5.633,137.147,6.555
2025-02-19,2.185,3.822,5.726,137.327,6.598
2025-02-20,2.184,3.81,5.741,137.093,6.619
2025-02-21,2.239,3.864,5.843,136.96,6.568
2025-02-24,2.221,3.851,5.825,136.574,6.581
2025-02-25,2.197,3.81,5.762,136.763,6.582
2025-02-26,2.223,3.843,5.834,136.775,6.519
2025-02-27,2.212,3.856,5.818,136.717,6.492
2025-02-28,2.128,3.783,5.656,136.764,6.444
2025-03-03,2.154,3.77,5.666,137.11,6.451
2025-03-04,2.149,3.766,5.718,137.104,6.499
2025-03-05,2.149,3.783,5.733,137.056,6.547
2025-03-06,2.191,3.838,5.828,136.927,6.535
2025-03-07,2.16,3.828,5.802,136.647,6.526
2025-03-10,2.159,3.812,5.795,136.415,6.544
2025-03-11,2.159,3.824,5.825,136.091,6.505
2025-03-12,2.149,3.814,5.829,136.583,6.526
2025-03-13,2.125,3.794,5.778,136.601,6.575
2025-03-14,2.186,3.895,5.887,136.576,6.673
2025-03-17,2.173,3.883,5.889,136.289,6.677
2025-03-18,2.185,3.892,5.915,136.39,6.727
2025-03-19,2.178,3.898,5.891,136.302,6.8
2025-03-20,2.158,3.865,5.849,136.475,6.807
2025-03-21,2.112,3.799,5.757,136.422,6.774
2025-03-24,2.112,3.816,5.75,136.354,6.78
2025-03-25,2.105,3.818,5.73,136.527,6.774
2025-03-26,2.098,3.802,5.73,136.686,6.795
2025-03-27,2.103,3.816,5.745,136.737,6.812
2025-03-28,2.089,3.797,5.698,136.707,6.938
2025-03-31,2.064,3.773,5.643,136.697,7.012
2025-04-01,2.062,3.771,5.675,136.69,7.056
2025-04-02,2.064,3.768,5.682,136.792,7.029
2025-04-03,2.027,3.748,5.631,137.304,7.094
2025-04-07,1.775,3.484,5.069,137.727,6.877
2025-04-08,1.804,3.519,5.102,137.613,6.925
2025-04-09,1.823,3.555,5.217,137.694,7.012
2025-04-10,1.863,3.618,5.324,137.828,7.164
2025-04-11,1.892,3.629,5.362,137.875,7.273
2025-04-14,1.895,3.637,5.406,137.753,7.327
2025-04-15,1.893,3.64,5.383,137.756,7.325
2025-04-16,1.87,3.649,5.334,137.874,7.503
2025-04-17,1.873,3.652,5.337,137.786,7.565
2025-04-18,1.878,3.662,5.339,137.727,7.583
2025-04-21,1.908,3.664,5.421,137.609,7.724
2025-04-22,1.899,3.667,5.406,137.66,7.982
2025-04-23,1.919,3.671,5.417,137.531,7.5
2025-04-24,1.907,3.671,5.394,137.413,7.582
2025-04-25,1.92,3.671,5.41,137.539,7.53
2025-04-28,1.906,3.665,5.384,137.501,7.465
2025-04-29,1.903,3.658,5.387,137.686,7.517
2025-04-30,1.921,3.655,5.415,137.793,7.471
2025-05-06,1.958,3.692,5.522,137.718,7.612
2025-05-07,1.967,3.716,5.532,137.68,7.671
2025-05-08,2.001,3.739,5.556,137.96,7.557
2025-05-09,1.984,3.734,5.509,137.92,7.531
2025-05-12,2.037,3.779,5.581,137.855,7.376
2025-05-13,2.03,3.783,5.567,137.761,7.332
2025-05-14,2.054,3.834,5.587,137.645,7.277
2025-05-15,2.012,3.8,5.51,137.547,7.062
2025-05-16,2.008,3.778,5.5,137.453,7.177
2025-05-19,2.002,3.772,5.514,137.522,7.222
2025-05-20,2.018,3.792,5.538,137.569,7.209
2025-05-21,2.034,3.808,5.545,137.554,7.439
2025-05-22,2.016,3.806,5.5,137.553,7.45
2025-05-23,1.994,3.777,5.451,137.659,7.454
2025-05-26,1.977,3.756,5.46,137.656,7.425
2025-05-27,1.967,3.735,5.446,137.604,7.366
2025-05-28,1.959,3.731,5.436,137.611,7.375
2025-05-29,1.989,3.755,5.516,137.453,7.3
2025-05-30,1.972,3.748,5.483,137.586,7.369
2025-06-03,1.977,3.746,5.492,137.579,7.478
2025-06-04,2.0,3.763,5.538,137.669,7.474
2025-06-05,2.023,3.773,5.573,137.736,7.483
2025-06-06,2.017,3.775,5.574,137.851,7.481
2025-06-09,2.034,3.784,5.614,137.9,7.4
2025-06-10,2.012,3.761,5.566,137.916,7.405
2025-06-11,2.038,3.793,5.603,137.909,7.428
2025-06-12,2.04,3.795,5.614,137.879,7.497
2025-06-13,2.02,3.769,5.565,137.908,7.588
2025-06-16,2.037,3.779,5.586,137.939,7.563
2025-06-17,2.028,3.778,5.574,138.093,7.499
2025-06-18,2.034,3.781,5.565,138.109,7.503
2025-06-19,2.005,3.75,5.507,138.115,7.465
2025-06-20,1.988,3.755,5.468,138.14,7.436
2025-06-23,1.998,3.768,5.501,138.111,7.464
2025-06-24,2.044,3.813,5.593,138.058,7.372
2025-06-25,2.109,3.878,5.702,138.022,7.392
2025-06-26,2.093,3.863,5.677,138.06,7.405
2025-06-27,2.101,3.84,5.699,138.155,7.326
2025-06-30,2.133,3.859,5.752,138.091,7.314
2025-07-01,2.126,3.865,5.771,138.141,7.397
2025-07-02,2.104,3.869,5.736,138.221,7.394
2025-07-03,2.141,3.892,5.76,138.239,7.445
2025-07-04,2.133,3.909,5.752,138.272,7.407
2025-07-07,2.11,3.891,5.74,138.251,7.355
2025-07-08,2.159,3.925,5.82,138.141,7.398
2025-07-09,2.163,3.922,5.794,138.139,7.314
2025-07-10,2.169,3.942,5.827,138.047,7.371
2025-07-11,2.185,3.956,5.879,138.009,7.376
2025-07-14,2.177,3.955,5.868,137.937,7.44
2025-07-15,2.212,3.955,5.866,138.077,7.436
2025-07-16,2.206,3.946,5.865,138.086,7.402
2025-07-17,2.247,3.979,5.935,138.078,7.397
2025-07-18,2.252,4.009,5.954,138.066,7.403
2025-07-21,2.275,4.034,6.015,137.979,7.446
2025-07-22,2.289,4.078,6.081,137.905,7.474
2025-07-23,2.287,4.076,6.059,137.851,7.548
2025-07-24,2.325,4.102,6.152,137.584,7.424
2025-07-25,2.318,4.08,6.154,137.615,7.409
2025-07-28,2.342,4.091,6.18,137.748,7.388
2025-07-29,2.383,4.112,6.22,137.574,7.363
2025-07-30,2.345,4.109,6.178,137.713,7.377
2025-07-31,2.301,4.032,6.086,137.823,7.35
2025-08-01,2.303,4.01,6.076,137.831,7.352
2025-08-04,2.313,4.029,6.124,137.803,7.446
2025-08-05,2.32,4.06,6.165,137.847,7.455
2025-08-06,2.336,4.071,6.217,137.861,7.468
2025-08-07,2.32,4.07,6.197,137.961,7.484
2025-08-08,2.312,4.06,6.186,138.018,7.508
2025-08-11,2.357,4.079,6.253,137.851,7.429
2025-08-12,2.385,4.105,6.286,137.823,7.399
2025-08-13,2.473,4.14,6.371,137.921,7.415
2025-08-14,2.446,4.133,6.303,137.868,7.424
2025-08-15,2.509,4.172,6.447,137.855,7.401
2025-08-18,2.582,4.204,6.537,137.557,7.413
2025-08-19,2.575,4.182,6.522,137.568,7.391
2025-08-20,2.588,4.241,6.613,137.506,7.374
2025-08-21,2.572,4.255,6.575,137.568,7.394
2025-08-22,2.662,4.356,6.704,137.531,7.378
2025-08-25,2.737,4.442,6.826,137.65,7.427
2025-08-26,2.716,4.418,6.837,137.656,7.449
2025-08-27,2.696,4.352,6.742,137.694,7.45
2025-08-28,2.806,4.436,6.893,137.626,7.468
2025-08-29,2.865,4.478,6.93,137.658,7.486
2025-09-01,2.927,4.493,6.995,137.769,7.647
2025-09-02,2.848,4.467,6.844,137.767,7.67
2025-09-03,2.87,4.426,6.729,137.912,7.768
2025-09-04,2.751,4.333,6.568,137.998,7.75
2025-09-05,2.944,4.431,6.8,137.789,7.775
2025-09-08,2.908,4.432,6.862,137.761,7.847
2025-09-09,2.845,4.405,6.795,137.741,7.966
2025-09-10,2.875,4.415,6.792,137.665,7.947
2025-09-11,3.025,4.537,7.013,137.766,7.923
2025-09-12,2.995,4.498,7.031,137.811,7.954
2025-09-15,3.037,4.506,7.015,137.9,7.931
2025-09-16,3.059,4.497,7.071,137.985,8.032
2025-09-17,3.119,4.53,7.146,138.142,7.964
2025-09-18,3.067,4.471,7.081,138.05,7.862
2025-09-19,3.062,4.481,7.05,137.895,7.898
2025-09-22,3.082,4.496,7.107,138.007,8.048
2025-09-23,3.093,4.499,7.066,137.882,8.143
2025-09-24,3.16,4.54,7.221,137.764,8.19
2025-09-25,3.211,4.572,7.23,137.712,8.146
2025-09-26,3.129,4.528,7.125,137.816,8.16
2025-09-29,3.213,4.605,7.251,137.781,8.259
2025-09-30,3.217,4.618,7.308,137.988,8.339
2025-10-09,3.235,4.693,7.438,138.083,8.729
2025-10-10,3.095,4.596,7.294,138.053,8.602
2025-10-13,3.054,4.569,7.258,138.094,8.859
2025-10-14,2.934,4.522,7.078,138.141,8.976
2025-10-15,3.003,4.583,7.182,138.1,9.187
2025-10-16,3.014,4.598,7.125,138.106,9.244
2025-10-17,2.915,4.501,6.903,138.206,9.568
2025-10-20,2.971,4.517,6.949,138.082,9.268
2025-10-21,3.062,4.587,7.069,138.102,9.49
2025-10-22,3.039,4.572,7.013,138.128,9.101
2025-10-23,3.038,4.59,7.038,138.088,8.994
2025-10-24,3.147,4.647,7.158,138.079,8.95
2025-10-27,3.209,4.703,7.267,138.126,8.914
2025-10-28,3.205,4.679,7.23,138.405,8.597
2025-10-29,3.3,4.739,7.383,138.521,8.692
2025-10-30,3.239,4.7,7.286,138.634,8.704
2025-10-31,3.166,4.633,7.225,138.65,8.794
2025-11-03,3.176,4.64,7.228,138.588,8.797
2025-11-04,3.112,4.606,7.102,138.581,8.737
2025-11-05,3.142,4.612,7.119,138.586,8.706
2025-11-06,3.201,4.682,7.24,138.52,8.755
2025-11-07,3.185,4.672,7.229,138.549,8.793
2025-11-10,3.158,4.684,7.237,138.545,8.936
2025-11-11,3.113,4.64,7.183,138.562,9.062
2025-11-12,3.108,4.642,7.145,138.62,9.029
2025-11-13,3.182,4.689,7.254,138.564,9.175
2025-11-14,3.093,4.618,7.127,138.547,9.096
2025-11-17,3.084,4.587,7.125,138.573,8.882
2025-11-18,3.051,4.56,7.051,138.581,8.777
2025-11-19,3.057,4.574,7.016,138.539,8.954
2025-11-20,3.026,4.553,6.959,138.612,8.903
2025-11-21,2.904,4.441,6.711,138.574,8.828
2025-11-24,2.908,4.434,6.759,138.59,8.857
2025-11-25,2.961,4.474,6.843,138.593,9.01
2025-11-26,3.027,4.503,6.854,138.441,9.011
2025-11-27,3.012,4.499,6.839,138.433,9.01
2025-11-28,3.035,4.512,6.924,138.488,9.067
2025-12-01,3.073,4.564,6.991,138.535,9.161
2025-12-02,3.052,4.543,6.93,138.5,9.112
2025-12-03,3.019,4.522,6.892,138.512,9.096
2025-12-04,3.051,4.534,6.914,138.371,9.064
2025-12-05,3.089,4.575,7.005,138.443,9.136
2025-12-08,3.171,4.609,7.067,138.428,9.11
2025-12-09,3.188,4.585,7.013,138.505,9.046
2025-12-10,3.192,4.579,7.052,138.526,9.095
2025-12-11,3.146,4.545,6.99,138.62,9.11
2025-12-12,3.174,4.571,7.074,138.581,9.227
2025-12-15,3.12,4.544,7.025,138.522,9.351
2025-12-16,3.06,4.497,6.915,138.496,9.24
2025-12-17,3.164,4.576,7.048,138.589,9.31
2025-12-18,3.092,4.545,7.01,138.673,9.318
2025-12-19,3.107,4.565,7.075,138.747,9.313
2025-12-22,3.175,4.607,7.157,138.675,9.511
2025-12-23,3.185,4.617,7.163,138.912,9.639
2025-12-24,3.212,4.634,7.259,138.854,9.642
2025-12-25,3.222,4.643,7.323,138.807,9.566
2025-12-26,3.226,4.661,7.369,138.899,9.65
2025-12-29,3.205,4.64,7.337,138.73,9.563
2025-12-30,3.229,4.65,7.37,138.707,9.363
2025-12-31,3.186,4.63,7.377,138.71,9.301
2026-01-05,3.281,4.721,7.581,138.579,9.495
2026-01-06,3.303,4.796,7.75,138.474,9.577
2026-01-07,3.311,4.778,7.788,138.397,9.518
2026-01-08,3.287,4.74,7.813,138.518,9.511
2026-01-09,3.314,4.762,8.005,138.507,9.592
2026-01-12,3.371,4.79,8.205,138.576,9.777
2026-01-13,3.306,4.773,8.095,138.616,9.793
2026-01-14,3.332,4.743,8.154,138.707,9.922
2026-01-15,3.352,4.752,8.128,138.762,9.867
2026-01-16,3.346,4.736,8.146,138.852,9.857
2026-01-19,3.318,4.738,8.199,138.843,10.006
2026-01-20,3.263,4.724,8.175,138.932,10.082
2026-01-21,3.281,4.73,8.283,138.929,10.377
2026-01-22,3.315,4.727,8.32,138.916,10.341
2026-01-23,3.337,4.704,8.57,138.963,10.617
2026-01-26,3.305,4.712,8.415,138.936,10.924
2026-01-27,3.327,4.71,8.47,138.949,10.934
2026-01-28,3.307,4.725,8.542,138.971,11.28
2026-01-29,3.292,4.768,8.442,139.057,11.904
2026-01-30,3.335,4.711,8.291,139.043,11.009
2026-02-02,3.252,4.6,7.9,139.046,9.908
2026-02-03,3.313,4.664,8.217,139.095,10.422
2026-02-04,3.297,4.707,8.239,139.08,10.867
2026-02-05,3.238,4.679,8.068,139.164,10.523
2026-02-06,3.229,4.649,8.064,139.2,10.357
2026-02-09,3.321,4.727,8.246,139.286,10.719
2026-02-10,3.311,4.733,8.228,139.283,10.669
2026-02-11,3.273,4.723,8.262,139.347,10.758
2026-02-12,3.319,4.727,8.365,139.405,10.72
2026-02-13,3.265,4.671,8.224,139.459,10.575
2026-02-24,3.295,4.716,8.32,139.475,10.95
2026-02-25,3.344,4.75,8.453,139.359,10.959
2026-02-26,3.336,4.735,8.481,139.224,10.913
2026-02-27,3.301,4.725,8.588,139.312,10.933
2026-03-02,3.282,4.739,8.584,139.433,11.417
2026-03-03,3.205,4.678,8.226,139.422,11.259
2026-03-04,3.154,4.61,8.168,139.543,10.98
2026-03-05,3.206,4.654,8.222,139.484,10.964
2026-03-06,3.225,4.667,8.272,139.52,10.873
2026-03-09,3.201,4.629,8.207,139.351,10.868
2026-03-10,3.296,4.683,8.332,139.359,10.956
2026-03-11,3.335,4.711,8.319,139.349,10.974
2026-03-12,3.308,4.694,8.277,139.353,10.938
2026-03-13,3.3,4.677,8.162,139.386,10.802
2026-03-16,3.349,4.68,8.11,139.292,10.664
2026-03-17,3.273,4.646,7.929,139.294,10.637
2026-03-18,3.338,4.662,8.007,139.432,10.606
2026-03-19,3.303,4.599,7.796,139.508,10.126
2026-03-20,3.341,4.576,7.663,139.467,9.896
2026-03-23,3.228,4.43,7.363,139.414,8.941
2026-03-24,3.237,4.479,7.503,139.378,9.299
2026-03-25,3.307,4.544,7.677,139.423,9.641
2026-03-26,3.263,4.488,7.551,139.477,9.45
2026-03-27,3.293,4.508,7.654,139.562,9.494
2026-03-30,3.264,4.5,7.669,139.65,9.656
2026-03-31,3.182,4.463,7.534,139.69,9.699
2026-04-01,3.232,4.534,7.66,139.571,10.024
2026-04-02,3.164,4.489,7.523,139.596,9.738
2026-04-03,3.141,4.454,7.454,139.662,9.828
2026-04-07,3.151,4.446,7.48,139.645,9.837
2026-04-08,3.345,4.602,7.877,139.573,10.113
2026-04-09,3.32,4.572,7.815,139.59,9.908
2026-04-10,3.437,4.642,7.886,139.592,9.972
2026-04-13,3.468,4.652,7.879,139.628,9.924
2026-04-14,3.55,4.712,8.01,139.654,10.011
2026-04-15,3.511,4.694,7.962,139.787,10.064
2026-04-16,3.624,4.746,8.104,139.873,10.097
2026-04-17,3.67,4.739,8.141,139.94,10.029
2026-04-20,3.672,4.765,8.206,139.925,10.036
2026-04-21,3.681,4.776,8.182,139.92,10.01
2026-04-22,3.758,4.811,8.306,140.023,10.004
2026-04-23,3.728,4.801,8.226,140.023,9.9
2026-04-24,3.674,4.782,8.174,140.085,9.826
2026-04-27,3.652,4.782,8.219,139.887,9.897
2026-04-28,3.602,4.77,8.124,140.006,9.732
2026-04-29,3.694,4.821,8.273,140.085,9.637
2026-04-30,3.689,4.824,8.281,140.059,9.678
2026-05-06,3.786,4.888,8.509,139.997,9.791
2026-05-07,3.845,4.912,8.622,140.006,9.909
2026-05-08,3.806,4.886,8.62,140.086,9.88
2026-05-11,3.947,4.966,8.763,140.097,9.774
2026-05-12,3.94,4.963,8.713,140.149,9.806
2026-05-13,4.048,5.017,8.86,140.185,9.804
2026-05-14,3.961,4.941,8.623,140.197,9.795
2026-05-15,3.97,4.878,8.463,140.26,9.554
2026-05-18,3.923,4.852,8.482,140.312,9.513
2026-05-19,3.922,4.869,8.554,140.433,9.515
2026-05-20,3.932,4.871,8.599,140.464,9.367
2026-05-21,3.846,4.808,8.354,140.377,9.45
2026-05-22,3.946,4.862,8.509,140.39,9.461
2026-05-25,4.034,4.937,8.637,140.362,9.512
2026-05-26,4.055,4.972,8.603,140.416,9.454
2026-05-27,4.056,4.932,8.465,140.488,9.345
2026-05-28,4.138,4.932,8.5,140.603,9.132
2026-05-29,4.053,4.923,8.294,140.685,9.397
2026-06-01,3.964,4.868,8.221,140.69,9.344
2026-06-02,4.071,4.936,8.257,140.666,9.41
2026-06-03,4.145,4.965,8.306,140.65,9.281
2026-06-04,4.1,4.926,8.299,140.69,9.29
2026-06-05,3.977,4.843,8.19,140.686,9.252
2026-06-08,3.827,4.739,7.919,140.595,8.953
2026-06-09,3.972,4.826,8.121,140.531,9.005
2026-06-10,3.87,4.784,8.022,140.464,8.736
2026-06-11,3.83,4.751,7.984,140.324,8.506
2026-06-12,3.846,4.818,8.093,140.349,8.659
2026-06-15,4.045,4.919,8.395,140.376,8.928
2026-06-16,4.111,4.91,8.483,140.495,8.949
2026-06-17,4.183,4.958,8.614,140.534,8.957
2026-06-18,4.269,4.984,8.679,140.617,8.908
2026-06-22,4.379,5.091,8.858,140.649,8.716
2026-06-23,4.21,4.942,8.666,140.558,8.537
2026-06-24,4.258,4.967,8.836,140.619,8.515
2026-06-25,4.395,5.048,8.936,140.636,8.287
2026-06-26,4.215,4.907,8.712,140.721,8.39
2026-06-29,4.236,4.959,8.825,140.845,8.449
2026-06-30,4.364,5.019,9.045,140.792,8.378
2026-07-01,4.274,4.998,9.031,140.637,8.271
2026-07-02,4.036,4.85,8.7,140.695,8.475
2026-07-03,4.037,4.876,8.752,140.695,8.672
2026-07-06,3.97,4.877,8.661,140.753,8.631
2026-07-07,3.932,4.826,8.508,140.748,8.597
2026-07-08,3.867,4.798,8.402,140.799,8.589
2026-07-09,4.04,4.916,8.655,140.771,8.544
2026-07-10,3.862,4.829,8.549,140.782,8.541
2026-07-13,3.751,4.744,8.143,140.775,8.419
2026-07-14,3.867,4.837,8.264,140.798,8.373
2026-07-15,3.828,4.838,8.151,140.819,8.369
2026-07-16,3.723,4.753,7.956,140.789,8.363
2026-07-17,3.463,4.589,7.505,140.812,8.311
2026-07-20,3.477,4.65,7.426,140.815,8.318
2026-07-21,3.709,4.787,7.792,140.824,8.468
2026-07-22,3.586,4.765,7.74,140.899,8.56
2026-07-23,3.597,4.787,7.737,140.867,8.56
2026-07-24,3.508,4.701,7.545,140.874,8.385
2026-07-27,3.612,4.753,7.726,140.841,8.502
2026-07-28,3.355,4.627,7.463,140.832,8.4
2026-07-29,3.402,4.657,7.54,140.827,8.392
2026-07-30,3.27,4.605,7.336,140.853,8.36
2026-07-31,3.368,4.653,7.5,140.97,8.433
2026-08-03,3.325,4.599,7.42,140.957,8.417
2026-08-04,3.514,4.651,7.601,140.991,8.408
2026-08-05,3.56,4.714,7.815,141.0,8.64
2026-08-06,3.54,4.709,7.832,141.015,8.795
2026-08-07,3.586,4.751,7.987,141.086,8.892
2026-08-10,3.559,4.759,8.037,141.101,9.005
2026-08-11,3.565,4.728,7.989,141.07,9.009
2026-08-12,3.596,4.736,8.035,141.054,9.088
